id,name,team,position,cost,sel,tin,tout,minutes,goals,assists,cs,bonus,bps,points
1,Raya,Arsenal,GKP,5.9,32.3,24731,25430,90,0,0,0,0,-2,1
2,Arrizabalaga,Arsenal,GKP,4.2,0.4,130,627,0,0,0,0,0,0,0
3,Hein,Arsenal,GKP,4.0,0.3,0,352,0,0,0,0,0,0,0
4,Setford,Arsenal,GKP,4.0,0.2,127,328,0,0,0,0,0,0,0
5,Gabriel,Arsenal,DEF,6.6,43.6,58560,11054,90,0,0,0,0,6,1
6,Saliba,Arsenal,DEF,6.0,11.6,5831,12617,90,0,0,0,0,4,1
7,Calafiori,Arsenal,DEF,5.8,16.0,13634,25058,90,0,0,0,0,-1,1
8,J.Timber,Arsenal,DEF,6.1,25.6,24345,33532,90,0,0,0,0,7,1
9,Kiwior,Arsenal,DEF,5.4,0.1,0,43,0,0,0,0,0,0,0
10,Lewis-Skelly,Arsenal,DEF,5.1,1.6,540,2998,0,0,0,0,0,0,0
11,White,Arsenal,DEF,5.3,0.4,241,722,0,0,0,0,0,0,0
12,Zinchenko,Nott'm Forest,DEF,4.9,0.2,20,532,0,0,0,0,0,0,0
13,Clarke,Arsenal,DEF,3.9,0.4,137,660,0,0,0,0,0,0,0
14,Kacurri,Arsenal,DEF,3.9,0.1,0,204,0,0,0,0,0,0,0
15,Nichols,Arsenal,DEF,3.9,0.2,34,267,0,0,0,0,0,0,0
16,Saka,Arsenal,MID,10.1,17.3,45609,18282,90,1,0,0,3,40,12
17,Ødegaard,Arsenal,MID,7.8,1.4,70,1419,0,0,0,0,0,0,0
18,Madueke,Arsenal,MID,6.8,0.6,26,664,0,0,0,0,0,0,0
19,Martinelli,Arsenal,MID,6.8,0.9,28,3338,0,0,0,0,0,0,0
20,Trossard,Arsenal,MID,6.9,0.8,15308,1503,90,1,0,0,2,32,9
21,Rice,Arsenal,MID,6.9,20.4,91513,22647,90,0,0,0,0,16,2
22,Merino,Arsenal,MID,5.9,1.0,4513,2596,90,0,1,0,0,15,5
23,Fábio Vieira,Arsenal,MID,5.4,0.0,0,7,0,0,0,0,0,0,0
24,Nørgaard,Arsenal,MID,5.2,0.1,117,229,0,0,0,0,0,0,0
25,Nwaneri,Arsenal,MID,5.1,0.1,121,385,0,0,0,0,0,0,0
26,Zubimendi,Arsenal,MID,5.4,2.9,4166,9355,90,0,1,0,1,27,5
27,Nelson,Brentford,MID,4.8,0.1,67,118,1,0,0,0,0,5,1
28,Kabia,Arsenal,MID,4.5,0.1,0,142,0,0,0,0,0,0,0
29,Sambi,Arsenal,MID,4.5,0.1,0,65,0,0,0,0,0,0,0
30,Havertz,Arsenal,FWD,7.3,0.3,79,177,0,0,0,0,0,0,0
31,G.Jesus,Arsenal,FWD,6.4,0.0,58,73,0,0,0,0,0,0,0
32,Martinez,Aston Villa,GKP,5.0,2.3,26894,1589,90,0,0,1,2,36,14
33,M.Bizot,Aston Villa,GKP,4.3,0.5,87,745,0,0,0,0,0,0,0
34,Gauci,Aston Villa,GKP,4.0,0.1,0,120,0,0,0,0,0,0,0
35,Marschall,Aston Villa,GKP,4.0,0.0,0,7,0,0,0,0,0,0,0
36,Cash,Aston Villa,DEF,4.6,5.5,23746,3530,90,0,0,1,0,21,6
37,Digne,Aston Villa,DEF,4.5,1.6,5117,984,90,0,1,1,0,29,9
38,Konsa,Aston Villa,DEF,4.4,8.4,5178,5445,90,0,0,1,0,25,6
39,Maatsen,Aston Villa,DEF,4.2,0.4,289,609,0,0,0,0,0,0,0
40,Mings,Aston Villa,DEF,4.4,0.8,10,2972,0,0,0,0,0,0,0
41,Pau,Aston Villa,DEF,4.3,0.4,1375,303,90,0,0,1,0,25,6
42,A.García,Aston Villa,DEF,3.9,0.2,27,509,0,0,0,0,0,0,0
43,Alex Moreno,Aston Villa,DEF,4.0,2.3,0,2962,0,0,0,0,0,0,0
44,Bogarde,Aston Villa,DEF,4.0,0.6,463,1138,9,0,0,0,0,5,1
45,Sousa,Aston Villa,DEF,3.9,0.3,268,337,0,0,0,0,0,0,0
46,Yasin,Aston Villa,DEF,4.0,0.1,0,156,0,0,0,0,0,0,0
47,Rogers,Aston Villa,MID,6.8,4.9,15052,8174,85,0,0,1,0,1,2
48,Tielemans,Aston Villa,MID,5.9,0.6,814,319,19,0,1,0,0,17,4
49,Bailey,Aston Villa,MID,5.5,0.1,0,68,0,0,0,0,0,0,0
50,Buendía,Aston Villa,MID,5.3,0.4,18046,484,70,1,0,1,3,44,11
51,Iling Jr,Aston Villa,MID,5.5,0.0,0,10,0,0,0,0,0,0,0
52,J.Ramsey,Newcastle,MID,5.3,0.2,207,268,66,0,0,0,0,15,2
53,Malen,Aston Villa,MID,5.1,0.7,2627,1638,9,1,0,0,0,20,6
54,McGinn,Aston Villa,MID,5.4,0.6,1311,1285,70,0,0,1,0,15,3
55,Barkley,Aston Villa,MID,4.8,0.0,253,60,19,1,0,0,0,29,6
56,Barrenechea,Aston Villa,MID,5.0,0.0,0,0,0,0,0,0,0,0,0
57,Dobbin,Aston Villa,MID,5.0,0.0,0,8,0,0,0,0,0,0,0
58,Kamara,Aston Villa,MID,4.9,0.2,479,426,80,0,0,1,0,10,2
59,Onana,Aston Villa,MID,4.8,0.7,3924,621,70,1,0,1,1,33,9
60,Broggio,Aston Villa,MID,4.5,0.3,451,575,0,0,0,0,0,0,0
61,Dendoncker,Aston Villa,MID,4.5,0.1,0,92,0,0,0,0,0,0,0
62,Jimoh-Aloba,Aston Villa,MID,4.5,0.1,104,122,0,0,0,0,0,0,0
63,Young,Aston Villa,MID,4.4,0.6,467,1171,0,0,0,0,0,0,0
64,Watkins,Aston Villa,FWD,8.5,6.5,6135,9304,80,0,0,1,0,3,2
65,Redmond,Aston Villa,FWD,4.5,0.4,0,375,0,0,0,0,0,0,0
66,Neto,Bournemouth,GKP,4.5,0.1,0,98,0,0,0,0,0,0,0
67,Petrović,Bournemouth,GKP,4.5,5.7,9981,4585,90,0,0,0,0,3,1
68,Dennis,Bournemouth,GKP,4.0,1.0,292,694,0,0,0,0,0,0,0
69,McKenna,Bournemouth,GKP,4.0,0.2,51,148,0,0,0,0,0,0,0
70,Paulsen,Bournemouth,GKP,4.0,0.1,0,54,0,0,0,0,0,0,0
71,Zabarnyi,Bournemouth,DEF,5.0,0.0,0,11,0,0,0,0,0,0,0
72,Senesi,Bournemouth,DEF,5.0,25.9,21936,25071,90,0,0,0,0,0,2
73,Smith,Bournemouth,DEF,4.4,0.2,101,125,9,0,0,0,0,3,1
74,Truffert,Bournemouth,DEF,4.5,2.4,4886,3654,62,0,0,0,0,2,0
75,Akinmboni,Bournemouth,DEF,3.9,0.3,6,698,0,0,0,0,0,0,0
76,Bevan,Bournemouth,DEF,3.9,0.2,77,157,0,0,0,0,0,0,0
77,Hill,Bournemouth,DEF,4.0,0.8,438,1421,0,0,0,0,0,0,0
78,J.Araujo,Bournemouth,DEF,3.9,0.7,253,743,0,0,0,0,0,0,0
79,Mepham,Bournemouth,DEF,4.0,0.1,0,68,0,0,0,0,0,0,0
80,Soler,Bournemouth,DEF,4.0,0.2,144,240,0,0,0,0,0,0,0
81,Kluivert,Bournemouth,MID,7.0,1.0,3519,3943,62,0,0,0,0,4,2
82,Semenyo,Bournemouth,MID,8.1,64.2,28982,58768,90,0,0,0,0,-3,0
83,O.Dango,Brentford,MID,6.0,0.5,2485,1314,90,0,1,0,0,13,4
84,Tavernier,Bournemouth,MID,5.5,1.7,7579,4554,90,0,0,0,0,16,2
85,Adams,Bournemouth,MID,5.0,0.5,2214,1010,90,0,0,0,0,8,2
86,Brooks,Bournemouth,MID,5.0,0.2,148,403,13,0,0,0,0,3,1
87,Christie,Bournemouth,MID,5.0,0.1,73,166,27,0,0,0,0,5,1
88,Cook,Bournemouth,MID,4.9,0.0,102,83,45,0,0,0,0,2,1
89,Philip,Bournemouth,MID,4.9,0.0,0,12,0,0,0,0,0,0,0
90,Scott,Bournemouth,MID,5.0,0.3,572,699,62,0,0,0,0,17,2
91,Sinisterra,Bournemouth,MID,5.0,0.0,0,8,0,0,0,0,0,0,0
92,Faivre,Bournemouth,MID,4.5,0.1,0,85,0,0,0,0,0,0,0
93,H.Traorè,Bournemouth,MID,4.5,0.4,0,657,0,0,0,0,0,0,0
94,Sadi,Bournemouth,MID,4.5,0.0,0,47,0,0,0,0,0,0,0
95,Silcott-Duberry,Bournemouth,MID,4.4,0.1,0,185,0,0,0,0,0,0,0
96,Winterburn,Bournemouth,MID,4.5,0.0,0,58,0,0,0,0,0,0,0
97,Evanilson,Bournemouth,FWD,7.0,1.4,3470,2785,76,0,0,0,0,2,2
98,Enes Ünal,Bournemouth,FWD,5.4,0.0,306,142,0,0,0,0,0,0,0
99,Adu-Adjei,Bournemouth,FWD,4.4,0.2,0,293,0,0,0,0,0,0,0
100,Kroupi.Jr,Bournemouth,FWD,4.6,4.7,23410,14921,27,0,0,0,0,2,1
101,Kelleher,Brentford,GKP,4.5,7.7,3097,6593,90,0,0,0,0,4,2
102,Balcombe,Brentford,GKP,4.0,0.3,91,204,0,0,0,0,0,0,0
103,Cox,Brentford,GKP,4.0,0.1,50,83,0,0,0,0,0,0,0
104,Eyestone,Brentford,GKP,4.0,0.1,36,59,0,0,0,0,0,0,0
105,Valdimarsson,Brentford,GKP,3.9,0.7,1709,679,0,0,0,0,0,0,0
106,Collins,Brentford,DEF,4.9,1.1,715,1464,90,0,0,0,0,7,2
107,Lewis-Potter,Brentford,DEF,4.9,0.3,126,559,0,0,0,0,0,0,0
108,Ajer,Brentford,DEF,4.4,0.2,95,312,0,0,0,0,0,0,0
109,Henry,Brentford,DEF,4.3,0.1,68,129,20,0,0,0,0,4,1
110,Kayode,Brentford,DEF,4.5,0.4,1341,593,90,0,1,0,0,23,4
111,Pinnock,Brentford,DEF,4.3,0.1,68,161,0,0,0,0,0,0,0
112,Roerslev,Brentford,DEF,4.5,0.0,0,3,0,0,0,0,0,0,0
113,Van den Berg,Brentford,DEF,4.5,0.6,607,700,90,0,0,0,0,9,2
114,Arthur,Brentford,DEF,3.9,0.2,83,186,0,0,0,0,0,0,0
115,Fredrick,Brentford,DEF,4.0,0.1,0,97,0,0,0,0,0,0,0
116,Hickey,Brentford,DEF,4.0,0.3,333,304,69,0,0,0,0,13,2
117,Ji-soo,Brentford,DEF,3.9,0.1,0,129,0,0,0,0,0,0,0
118,Meghoma,Brentford,DEF,4.0,0.1,0,30,0,0,0,0,0,0,0
119,Mbeumo,Man Utd,MID,8.5,32.0,240845,6049,90,1,0,0,0,19,7
120,Schade,Brentford,MID,7.0,0.8,10355,1610,90,1,0,0,1,25,8
121,Damsgaard,Brentford,MID,5.8,0.6,1315,1311,83,0,0,0,0,9,2
122,Milambo,Brentford,MID,5.2,0.0,11,50,0,0,0,0,0,0,0
123,Carvalho,Brentford,MID,4.8,0.2,101,440,0,0,0,0,0,0,0
124,Henderson,Brentford,MID,5.0,0.4,504,966,90,0,0,0,0,11,2
125,Janelt,Brentford,MID,4.9,0.0,38,27,6,0,0,0,0,3,1
126,Jensen,Brentford,MID,4.9,0.1,118,198,6,0,0,0,0,5,1
127,Nunes,Brentford,MID,4.9,0.0,32,28,0,0,0,0,0,0,0
128,Onyeka,Brentford,MID,4.9,0.1,24,59,0,0,0,0,0,0,0
129,Yarmoliuk,Brentford,MID,5.0,0.1,78,139,83,0,0,0,0,20,4
130,Donovan,Brentford,MID,4.5,0.1,151,191,0,0,0,0,0,0,0
131,Konak,Brentford,MID,4.4,0.2,83,334,0,0,0,0,0,0,0
132,Maghoma,Brentford,MID,4.5,0.0,62,38,0,0,0,0,0,0,0
133,Peart-Harris,Brentford,MID,4.4,0.0,49,41,0,0,0,0,0,0,0
134,Trevitt,Brentford,MID,4.5,0.0,0,3,0,0,0,0,0,0,0
135,Wissa,Newcastle,FWD,7.3,0.5,73,459,0,0,0,0,0,0,0
136,Thiago,Brentford,FWD,6.3,10.1,167751,8791,90,2,0,0,3,54,13
137,Morgan,Brentford,FWD,4.4,0.4,466,772,0,0,0,0,0,0,0
138,Steele,Brighton,GKP,4.3,0.3,51,255,0,0,0,0,0,0,0
139,Verbruggen,Brighton,GKP,4.4,4.0,2761,2743,90,0,0,1,0,30,6
140,McGill,Brighton,GKP,4.0,0.3,103,243,0,0,0,0,0,0,0
141,Rushworth,Brighton,GKP,4.0,0.0,0,1,0,0,0,0,0,0,0
142,Scherpen,Brighton,GKP,4.0,0.0,0,2,0,0,0,0,0,0,0
143,Boscagli,Brighton,DEF,4.3,0.1,25,106,0,0,0,0,0,0,0
144,Coppola,Brighton,DEF,4.3,0.1,11,44,0,0,0,0,0,0,0
145,De Cuyper,Brighton,DEF,4.3,1.8,169,3284,5,0,0,0,0,3,1
146,Dunk,Brighton,DEF,4.5,1.1,1085,896,90,0,0,1,0,24,6
147,Estupiñan,Brighton,DEF,4.5,0.0,0,5,0,0,0,0,0,0,0
148,F.Kadıoğlu,Brighton,DEF,4.4,0.2,383,162,90,0,0,1,0,29,6
149,Igor,West Ham,DEF,4.5,0.1,90,109,7,0,0,0,0,-1,1
150,Lamptey,Brighton,DEF,4.4,0.1,0,101,0,0,0,0,0,0,0
151,Van Hecke,Brighton,DEF,4.4,1.3,3289,1350,90,0,0,1,0,25,5
152,Veltman,Brighton,DEF,4.3,0.1,25,222,15,0,0,0,0,0,0
153,Webster,Brighton,DEF,4.4,0.0,7,5,0,0,0,0,0,0,0
154,Cashin,Brighton,DEF,4.0,0.0,0,3,0,0,0,0,0,0,0
155,Slater,Brighton,DEF,4.0,0.1,0,111,0,0,0,0,0,0,0
156,Tasker,Brighton,DEF,3.9,0.1,57,132,0,0,0,0,0,0,0
157,Mitoma,Brighton,MID,6.2,2.0,61,5971,0,0,0,0,0,0,0
158,Georginio,Brighton,MID,5.7,0.4,753,929,74,0,0,1,0,1,2
159,March,Brighton,MID,5.8,0.0,11,15,0,0,0,0,0,0,0
160,Minteh,Brighton,MID,6.0,4.8,18258,7472,90,0,0,1,0,2,3
161,Enciso,Brighton,MID,5.4,0.0,0,2,0,0,0,0,0,0,0
162,Gruda,Brighton,MID,5.4,0.0,8,160,0,0,0,0,0,0,0
163,Hinshelwood,Brighton,MID,5.1,0.0,4,37,0,0,0,0,0,0,0
164,O'Riley,Brighton,MID,5.5,0.4,0,430,0,0,0,0,0,0,0
165,Sima,Brighton,MID,5.4,0.0,0,10,0,0,0,0,0,0,0
166,Ayari,Brighton,MID,4.9,0.3,231,716,90,0,0,1,0,13,3
167,Baleba,Brighton,MID,4.7,2.0,2563,3332,74,0,0,1,0,3,2
168,Buonanotte,Chelsea,MID,4.7,0.1,73,153,0,0,0,0,0,0,0
169,Gomez,Brighton,MID,4.9,0.2,2246,586,84,0,0,1,0,20,3
170,Milner,Brighton,MID,5.0,0.1,14,454,0,0,0,0,0,0,0
171,Sarmiento,Brighton,MID,4.9,0.0,0,10,0,0,0,0,0,0,0
172,Watson,Brighton,MID,4.9,0.0,29,47,0,0,0,0,0,0,0
173,Wieffer,Brighton,MID,4.9,0.3,5828,690,90,0,0,1,0,16,3
174,Yalcouye,Brighton,MID,5.0,0.0,0,2,0,0,0,0,0,0,0
175,Knight,Brighton,MID,4.5,0.1,125,147,0,0,0,0,0,0,0
176,Mazilu,Brighton,MID,4.5,0.0,0,30,0,0,0,0,0,0,0
177,Moran,Brighton,MID,4.5,0.0,0,18,0,0,0,0,0,0,0
178,Welbeck,Brighton,FWD,6.5,9.0,46594,20876,84,0,0,1,0,5,2
179,Ferguson,Brighton,FWD,5.5,0.0,0,6,0,0,0,0,0,0,0
180,Tzimas,Brighton,FWD,5.3,0.1,165,221,5,0,0,0,0,2,1
181,Kostoulas,Brighton,FWD,4.8,0.3,752,630,15,0,0,0,0,4,1
182,Trafford,Man City,GKP,4.7,1.1,86,1489,0,0,0,0,0,0,0
183,Weiss,Burnley,GKP,4.4,0.1,56,129,0,0,0,0,0,0,0
184,Green,Burnley,GKP,4.0,0.2,0,191,0,0,0,0,0,0,0
185,Hladký,Burnley,GKP,4.0,0.2,46,129,0,0,0,0,0,0,0
186,Roberts,Burnley,DEF,4.4,0.0,9,35,0,0,0,0,0,0,0
187,Walker,Burnley,DEF,4.4,1.6,1169,3717,90,0,0,0,0,6,0
188,Delcroix,Burnley,DEF,3.9,0.2,55,260,0,0,0,0,0,0,0
189,Dodgson,Burnley,DEF,4.0,0.0,0,5,0,0,0,0,0,0,0
190,Ekdal,Burnley,DEF,4.0,1.1,125,2619,0,0,0,0,0,0,0
191,Estève,Burnley,DEF,4.0,12.0,3466,12599,90,0,0,0,0,8,3
192,Hartman,Burnley,DEF,4.0,1.0,3586,1826,80,0,0,0,0,8,1
193,Humphreys,Burnley,DEF,4.0,0.1,32,101,0,0,0,0,0,0,0
194,Jordan,Burnley,DEF,4.0,0.1,3,71,0,0,0,0,0,0,0
195,Lucas Pires,Burnley,DEF,3.9,0.2,45,168,9,0,0,0,0,1,1
196,Sambo,Burnley,DEF,4.0,0.0,0,20,0,0,0,0,0,0,0
197,Sonne,Burnley,DEF,3.9,0.1,29,127,0,0,0,0,0,0,0
198,Tuanzebe,Burnley,DEF,3.9,1.8,2699,1574,90,0,0,0,0,5,3
199,Worrall,Burnley,DEF,3.9,0.2,32,273,0,0,0,0,0,0,0
200,Anthony,Burnley,MID,5.6,5.5,2277,37354,80,0,0,0,0,8,2
201,Benson,Burnley,MID,5.4,0.0,0,16,0,0,0,0,0,0,0
202,Bruun Larsen,Burnley,MID,5.3,0.0,49,61,23,0,0,0,0,4,1
203,Boateng,Burnley,MID,4.8,0.0,22,45,0,0,0,0,0,0,0
204,Churlinov,Burnley,MID,4.9,0.0,0,6,0,0,0,0,0,0,0
205,Cullen,Burnley,MID,5.0,2.3,10377,3131,90,1,0,0,3,35,10
206,Edwards,Burnley,MID,4.7,0.1,81,116,9,0,0,0,0,5,1
207,Hannibal,Burnley,MID,4.8,0.1,335,190,19,0,1,0,0,15,4
208,Koleosho,Burnley,MID,5.0,0.0,0,3,0,0,0,0,0,0,0
209,Laurent,Burnley,MID,4.9,0.0,15,49,0,0,0,0,0,0,0
210,Tchaouna,Burnley,MID,4.9,0.0,19,74,66,0,0,0,0,7,2
211,A.Ramsey,Burnley,MID,4.4,2.1,0,3010,0,0,0,0,0,0,0
212,Adewumi,Burnley,MID,4.5,0.0,0,7,0,0,0,0,0,0,0
213,Banel,Burnley,MID,4.5,0.0,75,84,0,0,0,0,0,0,0
214,Trésor,Burnley,MID,4.4,0.1,82,156,0,0,0,0,0,0,0
215,Flemming,Burnley,FWD,5.3,0.3,4966,1200,70,1,0,0,0,24,5
216,Amdouni,Burnley,FWD,4.8,0.0,17,21,0,0,0,0,0,0,0
217,Foster,Burnley,FWD,5.0,1.6,1873,7576,0,0,0,0,0,0,0
218,Barnes,Burnley,FWD,4.3,1.3,1872,2423,0,0,0,0,0,0,0
219,Obafemi,Burnley,FWD,4.4,0.1,0,173,0,0,0,0,0,0,0
220,Sánchez,Chelsea,GKP,4.8,13.7,14173,7915,90,0,0,1,0,19,6
221,Jörgensen,Chelsea,GKP,4.4,0.2,84,277,0,0,0,0,0,0,0
222,Penders,Chelsea,GKP,4.0,0.0,0,1,0,0,0,0,0,0,0
223,Slonina,Chelsea,GKP,3.9,0.1,220,164,0,0,0,0,0,0,0
224,Cucurella,Chelsea,DEF,6.1,22.1,22201,11751,90,0,0,1,0,28,6
225,James,Chelsea,DEF,5.6,8.6,14346,22953,13,0,0,0,0,2,1
226,Chalobah,Chelsea,DEF,5.1,8.0,14343,5174,90,0,0,1,0,25,6
227,Colwill,Chelsea,DEF,4.8,0.1,19,72,0,0,0,0,0,0,0
228,Gusto,Chelsea,DEF,4.9,1.1,9999,683,76,1,0,1,3,45,15
229,B.Badiashile,Chelsea,DEF,4.4,0.0,6,21,0,0,0,0,0,0,0
230,Fofana,Chelsea,DEF,4.4,0.2,1247,192,90,0,0,1,0,29,6
231,M.Sarr,Chelsea,DEF,4.5,0.0,0,4,0,0,0,0,0,0,0
232,Tosin,Chelsea,DEF,4.2,0.4,150,1289,0,0,0,0,0,0,0
233,Acheampong,Chelsea,DEF,3.9,2.1,3798,7158,0,0,0,0,0,0,0
234,Anselmino,Chelsea,DEF,4.0,0.1,0,28,0,0,0,0,0,0,0
235,Palmer,Chelsea,MID,10.3,9.0,1509,9079,0,0,0,0,0,0,0
236,Neto,Chelsea,MID,7.1,6.0,20870,17885,76,1,0,1,1,39,9
237,Enzo,Chelsea,MID,6.7,14.4,6357,73263,82,0,0,1,0,19,3
238,Estêvão,Chelsea,MID,6.5,2.5,11864,5343,26,0,1,0,0,17,4
239,Gittens,Chelsea,MID,6.1,0.1,280,542,7,0,0,0,0,4,1
240,Nkunku,Chelsea,MID,5.9,0.1,0,41,0,0,0,0,0,0,0
241,Caicedo,Chelsea,MID,6.0,23.2,69153,24719,90,0,0,1,0,12,2
242,Dewsbury-Hall,Everton,MID,4.9,2.8,3887,3623,88,0,1,1,1,34,9
243,George,Chelsea,MID,4.9,0.1,82,132,0,0,0,0,0,0,0
244,Lavia,Chelsea,MID,4.9,0.0,5,184,0,0,0,0,0,0,0
245,Mudryk,Chelsea,MID,5.0,0.0,6,8,0,0,0,0,0,0,0
246,Andrey Santos,Chelsea,MID,4.5,0.3,549,774,7,0,0,0,0,3,1
247,D.Essugo,Chelsea,MID,4.3,0.1,244,246,0,0,0,0,0,0,0
248,Paez,Chelsea,MID,4.5,0.0,0,2,0,0,0,0,0,0,0
249,João Pedro,Chelsea,FWD,7.5,48.4,81605,27691,82,1,0,1,1,39,7
250,Delap,Chelsea,FWD,6.2,1.0,2076,1169,63,0,0,1,0,9,2
251,N.Jackson,Chelsea,FWD,6.5,0.1,0,37,0,0,0,0,0,0,0
252,Marc Guiu,Chelsea,FWD,4.2,7.0,13840,13714,13,0,0,0,0,-5,1
253,Henderson,Crystal Palace,GKP,5.0,7.7,17148,4344,90,0,0,1,2,31,9
254,Benitez,Crystal Palace,GKP,4.0,0.3,82,270,0,0,0,0,0,0,0
255,Matthews,Crystal Palace,GKP,4.0,0.1,32,90,0,0,0,0,0,0,0
256,Muñoz,Crystal Palace,DEF,5.7,15.9,48207,7351,90,0,0,1,0,19,6
257,Lacroix,Crystal Palace,DEF,5.0,3.8,9927,2959,90,0,0,1,0,20,6
258,Mitchell,Crystal Palace,DEF,5.0,2.2,5385,1549,90,0,0,1,3,38,11
259,Sosa,Crystal Palace,DEF,4.8,0.1,169,162,0,0,0,0,0,0,0
260,Guéhi,Crystal Palace,DEF,5.1,35.0,41912,45006,0,0,0,0,0,0,0
261,Richards,Crystal Palace,DEF,4.5,3.4,9582,1723,90,0,0,1,0,28,8
262,Chadi Riad,Crystal Palace,DEF,4.0,0.0,64,24,0,0,0,0,0,0,0
263,Clyne,Crystal Palace,DEF,3.9,0.4,156,548,0,0,0,0,0,0,0
264,Holding,Crystal Palace,DEF,4.0,0.0,0,16,0,0,0,0,0,0,0
265,Kporha,Crystal Palace,DEF,4.0,0.0,6,14,0,0,0,0,0,0,0
266,Eze,Arsenal,MID,7.6,13.6,8923,47842,87,0,0,0,0,14,2
267,Sarr,Crystal Palace,MID,6.7,13.0,44797,15930,90,0,0,1,0,12,3
268,Doucouré,Crystal Palace,MID,4.9,0.0,2,6,0,0,0,0,0,0,0
269,Esse,Crystal Palace,MID,4.7,0.1,154,209,0,0,0,0,0,0,0
270,Hughes,Crystal Palace,MID,4.8,0.1,84,172,7,0,0,0,0,3,1
271,Kamada,Crystal Palace,MID,5.0,0.2,561,401,82,0,0,1,0,7,3
272,Lerma,Crystal Palace,MID,4.9,0.1,259,107,90,0,0,1,0,10,2
273,Wharton,Crystal Palace,MID,5.0,0.4,652,678,65,0,0,1,0,8,3
274,Agbinone,Crystal Palace,MID,4.4,0.1,46,70,0,0,0,0,0,0,0
275,Ahamada,Crystal Palace,MID,4.4,0.0,39,64,0,0,0,0,0,0,0
276,Devenny,Crystal Palace,MID,4.3,1.1,4896,2101,0,0,0,0,0,0,0
277,Ebiowei,Crystal Palace,MID,4.5,0.0,0,1,0,0,0,0,0,0,0
278,J.Rak-Sakyi,Crystal Palace,MID,4.4,0.0,0,56,0,0,0,0,0,0,0
279,M.França,Crystal Palace,MID,4.5,0.0,0,6,0,0,0,0,0,0,0
280,Ozoh,Crystal Palace,MID,4.5,0.0,0,0,0,0,0,0,0,0,0
281,Rodney,Crystal Palace,MID,4.5,0.0,84,83,0,0,0,0,0,0,0
282,Umeh,Crystal Palace,MID,4.5,0.0,0,25,0,0,0,0,0,0,0
283,Mateta,Crystal Palace,FWD,8.0,28.8,129593,23095,90,0,0,1,0,9,2
284,Nketiah,Crystal Palace,FWD,5.4,0.3,84,2303,0,0,0,0,0,0,0
285,Édouard,Crystal Palace,FWD,5.0,0.2,0,243,0,0,0,0,0,0,0
286,Marsh,Crystal Palace,FWD,4.5,0.3,657,720,0,0,0,0,0,0,0
287,Pickford,Everton,GKP,5.5,9.6,3752,8803,90,0,0,1,0,33,7
288,Travers,Everton,GKP,4.4,0.1,22,106,0,0,0,0,0,0,0
289,Tyrer,Everton,GKP,3.9,0.1,142,68,0,0,0,0,0,0,0
290,Branthwaite,Everton,DEF,5.3,0.2,28,192,0,0,0,0,0,0,0
291,Tarkowski,Everton,DEF,5.4,6.0,2108,10993,90,0,0,1,0,23,5
292,Mykolenko,Everton,DEF,4.9,0.4,537,489,90,0,0,1,0,28,6
293,O'Brien,Everton,DEF,4.9,0.4,126,1142,1,0,0,0,0,3,1
294,Coleman,Everton,DEF,4.3,0.1,63,176,0,0,0,0,0,0,0
295,Keane,Everton,DEF,4.5,1.2,12433,1472,90,1,0,1,3,38,15
296,Patterson,Everton,DEF,4.4,0.0,9,34,0,0,0,0,0,0,0
297,Dixon,Everton,DEF,3.9,0.2,45,171,0,0,0,0,0,0,0
298,Welch,Everton,DEF,3.9,0.1,23,129,0,0,0,0,0,0,0
299,Ndiaye,Everton,MID,6.6,11.9,33170,20111,90,0,0,1,0,18,3
300,McNeil,Everton,MID,5.5,0.1,103,259,0,0,0,0,0,0,0
301,Alcaraz,Everton,MID,5.2,0.1,75,172,0,0,0,0,0,0,0
302,Gana,Everton,MID,5.4,0.1,875,221,90,1,0,1,2,37,10
303,Garner,Everton,MID,5.0,0.8,880,2855,90,0,0,1,0,17,3
304,Iroegbunam,Everton,MID,4.9,0.0,37,27,66,0,1,1,0,18,5
305,Armstrong,Everton,MID,4.5,0.1,0,71,0,0,0,0,0,0,0
306,Bates,Everton,MID,4.4,0.1,88,112,0,0,0,0,0,0,0
307,Ebere,Everton,MID,4.4,0.0,32,72,0,0,0,0,0,0,0
308,Heath,Everton,MID,4.5,0.0,0,17,0,0,0,0,0,0,0
309,Metcalfe,Everton,MID,4.5,0.0,0,0,0,0,0,0,0,0,0
310,Barry,Everton,FWD,5.7,0.3,627,598,78,0,0,1,0,1,2
311,Beto,Everton,FWD,5.2,3.1,2378,10040,11,0,0,0,0,0,1
312,Y.Chermiti,Everton,FWD,4.9,0.1,0,42,0,0,0,0,0,0,0
313,Sherif,Everton,FWD,4.4,0.1,0,146,0,0,0,0,0,0,0
314,Leno,Fulham,GKP,5.0,1.5,815,2026,90,0,0,0,0,8,2
315,Benda,Fulham,GKP,4.0,0.0,0,4,0,0,0,0,0,0,0
316,Robinson,Fulham,DEF,4.9,0.5,19,1176,0,0,0,0,0,0,0
317,Andersen,Fulham,DEF,4.5,2.8,1893,2097,90,0,0,0,0,7,3
318,Bassey,Fulham,DEF,4.5,0.6,388,1091,90,0,0,0,0,10,2
319,Castagne,Fulham,DEF,4.4,0.1,25,256,0,0,0,0,0,0,0
320,Diop,Fulham,DEF,4.4,0.1,25,135,0,0,0,0,0,0,0
321,J.Cuenca,Fulham,DEF,4.4,0.0,19,31,0,0,0,0,0,0,0
322,Tete,Fulham,DEF,4.5,0.2,158,211,90,0,0,0,0,18,3
323,Amissah,Fulham,DEF,3.9,0.1,41,138,0,0,0,0,0,0,0
324,Iwobi,Fulham,MID,6.5,1.5,1367,5438,90,0,0,0,0,18,2
325,Smith Rowe,Fulham,MID,5.6,0.4,384,762,3,0,0,0,0,2,1
326,Adama,Fulham,MID,5.2,0.2,152,310,15,0,0,0,0,5,1
327,Andreas,Fulham,MID,5.3,0.1,0,71,0,0,0,0,0,0,0
328,Sessegnon,Fulham,MID,5.4,0.7,8825,2290,90,0,0,0,0,10,4
329,Wilson,Fulham,MID,5.2,0.4,878,888,58,0,0,0,0,5,1
330,Berge,Fulham,MID,4.9,0.1,73,105,90,0,0,0,0,18,2
331,Cairney,Fulham,MID,4.9,0.0,16,37,0,0,0,0,0,0,0
332,Lukić,Fulham,MID,5.0,0.1,16,512,45,0,0,0,0,0,0
333,Godo,Fulham,MID,4.5,0.0,0,27,0,0,0,0,0,0,0
334,Harris,Fulham,MID,4.5,0.0,0,3,0,0,0,0,0,0,0
335,King,Fulham,MID,4.5,4.0,7162,8108,45,0,0,0,0,11,1
336,Reed,Fulham,MID,4.3,0.2,1584,513,0,0,0,0,0,0,0
337,Raúl,Fulham,FWD,6.2,0.9,1297,2086,57,0,0,0,0,5,1
338,Muniz,Fulham,FWD,5.4,1.0,374,2575,16,0,0,0,0,5,1
339,Meslier,Leeds,GKP,4.3,0.4,57,432,0,0,0,0,0,0,0
340,Cairns,Leeds,GKP,4.0,0.2,36,102,0,0,0,0,0,0,0
341,Darlow,Leeds,GKP,4.0,2.3,460,2414,0,0,0,0,0,0,0
342,Bogle,Leeds,DEF,4.5,0.2,79,462,90,0,0,0,0,-6,1
343,Struijk,Leeds,DEF,4.4,0.3,62,651,8,0,0,0,0,-1,1
344,Bijol,Leeds,DEF,3.9,0.1,534,267,81,0,0,0,0,9,1
345,Bornauw,Leeds,DEF,3.9,0.1,12,171,0,0,0,0,0,0,0
346,Byram,Leeds,DEF,3.9,0.2,52,255,0,0,0,0,0,0,0
347,Gudmundsson,Leeds,DEF,4.0,4.6,1127,6460,81,0,0,0,0,1,1
348,Rodon,Leeds,DEF,4.1,6.4,6157,8200,90,0,0,0,0,4,1
349,Schmidt,Leeds,DEF,4.0,0.1,0,71,0,0,0,0,0,0,0
350,Aaronson,Leeds,MID,5.4,0.2,748,552,73,0,1,0,0,18,7
351,Gnonto,Leeds,MID,5.2,0.1,44,80,0,0,0,0,0,0,0
352,Harrison,Leeds,MID,5.2,0.1,41,99,8,0,0,0,0,-2,1
353,James,Leeds,MID,5.3,0.1,72,147,16,0,0,0,0,3,1
354,Ampadu,Leeds,MID,4.9,0.1,64,157,90,0,0,0,0,11,2
355,Greenwood,Leeds,MID,4.9,0.0,0,41,0,0,0,0,0,0,0
356,Gruev,Leeds,MID,4.8,0.0,13,55,0,0,0,0,0,0,0
357,Ramazani,Leeds,MID,4.9,0.0,0,9,0,0,0,0,0,0,0
358,Tanaka,Leeds,MID,4.8,0.1,67,199,0,0,0,0,0,0,0
359,Crew,Leeds,MID,4.5,0.0,0,7,0,0,0,0,0,0,0
360,Gelhardt,Leeds,MID,4.5,0.0,0,8,0,0,0,0,0,0,0
361,Gyabi,Leeds,MID,4.5,0.0,0,43,0,0,0,0,0,0,0
362,Piroe,Leeds,FWD,5.0,0.4,298,706,16,0,0,0,0,3,1
363,Bamford,Leeds,FWD,4.9,0.4,0,506,0,0,0,0,0,0,0
364,Mateo Joseph,Leeds,FWD,5.0,0.0,0,6,0,0,0,0,0,0,0
365,Nmecha,Leeds,FWD,5.0,0.6,1284,1262,73,1,0,0,2,31,8
366,A.Becker,Liverpool,GKP,5.4,5.5,658,10790,0,0,0,0,0,0,0
367,Mamardashvili,Liverpool,GKP,4.3,1.1,10386,1411,90,0,0,0,0,8,7
368,Pécsi,Liverpool,GKP,3.9,0.4,95,413,0,0,0,0,0,0,0
369,Woodman,Liverpool,GKP,3.9,0.2,189,289,0,0,0,0,0,0,0
370,Frimpong,Liverpool,DEF,5.7,5.0,61,9842,0,0,0,0,0,0,0
371,Kerkez,Liverpool,DEF,5.7,3.3,876,6414,34,0,0,0,0,3,1
372,Robertson,Liverpool,DEF,5.8,1.0,1189,962,55,0,0,0,0,-2,0
373,Virgil,Liverpool,DEF,5.9,23.0,25862,27682,90,0,0,0,0,1,1
374,Konaté,Liverpool,DEF,5.4,2.7,7637,3806,90,0,0,0,0,3,1
375,Bradley,Liverpool,DEF,5.0,0.3,6647,901,82,0,0,0,0,5,0
376,Gomez,Liverpool,DEF,4.9,0.1,105,192,7,0,0,0,0,2,1
377,Tsimikas,Liverpool,DEF,4.8,0.1,0,52,0,0,0,0,0,0,0
378,Nallo,Liverpool,DEF,3.8,0.4,1572,930,0,0,0,0,0,0,0
379,R.Williams,Liverpool,DEF,3.8,0.2,919,558,0,0,0,0,0,0,0
380,Ramsay,Liverpool,DEF,3.8,0.2,2110,443,0,0,0,0,0,0,0
381,M.Salah,Liverpool,MID,14.2,24.0,7751,49388,90,0,0,0,0,4,2
382,Wirtz,Liverpool,MID,8.0,7.1,3853,9478,82,0,0,0,0,9,2
383,Luis Díaz,Liverpool,MID,8.0,0.0,0,18,0,0,0,0,0,0,0
384,Gakpo,Liverpool,MID,7.5,13.1,22942,44956,34,0,0,0,0,-2,1
385,Chiesa,Liverpool,MID,6.4,0.3,328,847,7,0,0,0,0,5,1
386,Mac Allister,Liverpool,MID,6.3,1.2,3102,1918,73,0,0,0,0,8,1
387,Szoboszlai,Liverpool,MID,6.6,5.0,48668,9874,90,0,0,0,0,9,1
388,C.Jones,Liverpool,MID,5.4,0.1,159,126,16,0,0,0,0,-2,0
389,Elliott,Aston Villa,MID,5.4,0.2,205,716,0,0,0,0,0,0,0
390,Gravenberch,Liverpool,MID,5.6,4.6,34118,9049,90,0,0,0,0,10,2
391,Gannon-Doak,Bournemouth,MID,4.9,0.0,33,75,0,0,0,0,0,0,0
392,Endo,Liverpool,MID,4.9,0.1,107,140,0,0,0,0,0,0,0
393,Bajcetic,Liverpool,MID,4.3,0.0,85,106,0,0,0,0,0,0,0
394,McConnell,Liverpool,MID,4.4,0.0,0,22,0,0,0,0,0,0,0
395,Morton,Liverpool,MID,4.5,0.0,0,3,0,0,0,0,0,0,0
396,Nyoni,Liverpool,MID,4.3,0.6,1168,1822,0,0,0,0,0,0,0
397,Darwin,Liverpool,FWD,6.5,0.1,0,27,0,0,0,0,0,0,0
398,Danns,Liverpool,FWD,4.4,0.1,24,169,0,0,0,0,0,0,0
399,Ederson M.,Man City,GKP,5.3,0.9,0,691,0,0,0,0,0,0,0
400,Ortega Moreno,Man City,GKP,4.8,0.2,42,163,0,0,0,0,0,0,0
401,Bettinelli,Man City,GKP,4.0,0.1,37,113,0,0,0,0,0,0,0
402,Aït-Nouri,Man City,DEF,5.8,4.7,902,5730,0,0,0,0,0,0,0
403,Gvardiol,Man City,DEF,5.8,5.1,5944,6269,90,0,0,1,0,26,6
404,Akanji,Man City,DEF,5.4,0.3,0,190,0,0,0,0,0,0,0
405,Aké,Man City,DEF,5.3,0.6,249,947,0,0,0,0,0,0,0
406,Khusanov,Man City,DEF,5.4,0.3,179,385,0,0,0,0,0,0,0
407,Matheus N.,Man City,DEF,5.3,0.8,6553,1264,90,0,1,1,2,40,13
408,Rúben,Man City,DEF,5.5,4.4,5427,4647,90,0,0,1,0,31,6
409,Stones,Man City,DEF,5.4,0.7,338,990,0,0,0,0,0,0,0
410,Lewis,Man City,DEF,4.8,1.6,318,3317,0,0,0,0,0,0,0
411,O’Reilly,Man City,DEF,4.9,1.7,52087,1622,90,0,1,1,0,33,11
412,Vitor Reis,Man City,DEF,5.0,0.0,0,0,0,0,0,0,0,0,0
413,Marmoush,Man City,MID,8.3,2.6,1401,3588,16,0,0,0,0,4,1
414,Foden,Man City,MID,8.0,4.4,15636,10466,90,0,0,1,0,14,3
415,Savinho,Man City,MID,6.9,0.5,945,1002,37,0,0,0,0,8,1
416,Bernardo,Man City,MID,6.3,0.5,827,781,90,0,1,1,0,18,5
417,Cherki,Man City,MID,6.3,3.2,20925,6933,52,0,0,0,0,2,1
418,Doku,Man City,MID,6.4,5.1,89924,9313,73,1,0,1,3,42,11
419,Grealish,Everton,MID,6.8,16.4,8868,78679,90,0,0,1,0,12,3
420,Gündoğan,Man City,MID,6.3,0.1,0,40,0,0,0,0,0,0,0
421,Rodrigo,Man City,MID,6.3,0.4,29,886,0,0,0,0,0,0,0
422,Kovačić,Man City,MID,5.9,0.0,9,178,0,0,0,0,0,0,0
423,N.Gonzalez,Man City,MID,5.9,0.1,1942,220,90,1,0,1,1,36,8
424,Bobb,Man City,MID,5.3,0.3,223,817,0,0,0,0,0,0,0
425,Echeverri,Man City,MID,5.4,0.0,0,6,0,0,0,0,0,0,0
426,McAtee,Nott'm Forest,MID,5.1,0.1,100,215,0,0,0,0,0,0,0
427,Reijnders,Man City,MID,5.5,19.7,5312,91794,0,0,0,0,0,0,0
428,Nypan,Man City,MID,5.0,0.0,0,4,0,0,0,0,0,0,0
429,Phillips,Man City,MID,4.8,0.1,71,97,0,0,0,0,0,0,0
430,Haaland,Man City,FWD,14.9,70.7,49451,3593,90,1,0,1,0,28,4
431,Bayindir,Man Utd,GKP,4.8,0.3,136,526,0,0,0,0,0,0,0
432,Onana,Man Utd,GKP,4.9,0.2,0,105,0,0,0,0,0,0,0
433,Harrison,Man Utd,GKP,4.0,0.0,0,1,0,0,0,0,0,0,0
434,Heaton,Man Utd,GKP,3.9,0.3,271,270,0,0,0,0,0,0,0
435,Mee,Man Utd,GKP,3.9,0.1,114,96,0,0,0,0,0,0,0
436,De Ligt,Man Utd,DEF,5.0,3.1,16199,1899,90,1,0,0,0,20,9
437,Martinez,Man Utd,DEF,4.8,0.1,32,85,0,0,0,0,0,0,0
438,Mazraoui,Man Utd,DEF,4.9,0.2,388,286,57,0,0,0,0,5,1
439,D.Leon,Man Utd,DEF,4.2,0.1,67,97,0,0,0,0,0,0,0
440,Dalot,Man Utd,DEF,4.4,1.0,522,2059,10,0,0,0,0,-5,0
441,Dorgu,Man Utd,DEF,4.2,2.8,1528,3479,79,0,0,1,0,24,5
442,Maguire,Man Utd,DEF,4.4,0.8,1251,2064,71,0,0,1,0,18,6
443,Shaw,Man Utd,DEF,4.5,0.5,1771,1046,90,0,0,0,0,6,1
444,Yoro,Man Utd,DEF,4.4,1.7,597,4860,18,0,0,0,0,-5,0
445,Amass,Man Utd,DEF,4.0,0.1,0,77,0,0,0,0,0,0,0
446,Fredricson,Man Utd,DEF,3.9,0.1,25,157,0,0,0,0,0,0,0
447,Heaven,Man Utd,DEF,3.8,1.2,9583,2327,0,0,0,0,0,0,0
448,Malacia,Man Utd,DEF,3.9,0.3,95,471,0,0,0,0,0,0,0
449,B.Fernandes,Man Utd,MID,8.9,16.2,22411,21605,90,0,1,0,0,20,5
450,Cunha,Man Utd,MID,7.9,4.4,8571,10117,71,0,0,1,0,2,3
451,Rashford,Man Utd,MID,7.0,0.0,0,1,0,0,0,0,0,0,0
452,Amad,Man Utd,MID,6.3,1.6,23327,1669,90,0,1,0,3,28,8
453,Garnacho,Chelsea,MID,6.4,0.8,33145,1094,90,0,2,1,2,41,11
454,Antony,Man Utd,MID,5.9,0.1,0,27,0,0,0,0,0,0,0
455,Mount,Man Utd,MID,5.9,0.3,478,856,18,0,0,0,0,4,1
456,Sancho,Aston Villa,MID,5.8,0.2,518,398,19,0,0,0,0,6,1
457,Casemiro,Man Utd,MID,5.5,1.0,9308,6187,71,0,0,1,0,13,5
458,Mainoo,Man Utd,MID,4.7,0.4,213,1675,0,0,0,0,0,0,0
459,Ugarte,Man Utd,MID,4.8,0.1,204,319,18,0,0,0,0,8,1
460,Collyer,Man Utd,MID,4.5,0.0,0,37,0,0,0,0,0,0,0
461,Fitzgerald,Man Utd,MID,4.4,0.0,28,68,0,0,0,0,0,0,0
462,J.Fletcher,Man Utd,MID,4.4,0.1,32,83,0,0,0,0,0,0,0
463,Kone,Man Utd,MID,4.4,0.1,65,146,0,0,0,0,0,0,0
464,Moorhouse,Man Utd,MID,4.5,0.0,0,22,0,0,0,0,0,0,0
465,Højlund,Man Utd,FWD,6.3,0.3,0,175,0,0,0,0,0,0,0
466,Zirkzee,Man Utd,FWD,5.8,0.4,763,752,0,0,0,0,0,0,0
467,Obi,Man Utd,FWD,4.3,1.5,1017,3188,0,0,0,0,0,0,0
468,Wheatley,Man Utd,FWD,4.5,0.1,0,105,0,0,0,0,0,0,0
469,Pope,Newcastle,GKP,5.2,11.8,4292,30491,76,0,0,0,0,16,3
470,Dúbravka,Burnley,GKP,4.0,34.4,10123,13481,90,0,0,0,0,2,2
471,Gillespie,Newcastle,GKP,4.0,0.1,34,88,0,0,0,0,0,0,0
472,Odysseas,Newcastle,GKP,4.0,0.0,0,19,0,0,0,0,0,0,0
473,Hall,Newcastle,DEF,5.2,0.7,427,745,13,0,0,0,0,-3,0
474,Schär,Newcastle,DEF,5.4,1.8,704,4263,0,0,0,0,0,0,0
475,Botman,Newcastle,DEF,4.9,0.6,320,1601,90,0,0,0,0,8,3
476,Burn,Newcastle,DEF,5.2,9.7,3834,67597,72,0,0,0,0,-15,0
477,Livramento,Newcastle,DEF,4.9,2.8,81,9449,0,0,0,0,0,0,0
478,Trippier,Newcastle,DEF,5.0,2.5,814,7273,90,0,0,0,0,-2,0
479,Krafth,Newcastle,DEF,4.3,0.0,28,51,0,0,0,0,0,0,0
480,Lascelles,Newcastle,DEF,4.3,0.1,27,78,0,0,0,0,0,0,0
481,A.Murphy,Newcastle,DEF,3.9,0.6,248,758,0,0,0,0,0,0,0
482,Ashby,Newcastle,DEF,3.9,0.1,19,207,0,0,0,0,0,0,0
483,Pivas,Newcastle,DEF,3.9,0.2,30,254,0,0,0,0,0,0,0
484,Targett,Newcastle,DEF,4.0,0.2,0,217,0,0,0,0,0,0,0
485,Gordon,Newcastle,MID,7.4,2.0,219,20782,0,0,0,0,0,0,0
486,Elanga,Newcastle,MID,6.7,3.4,676,7921,13,0,0,0,0,1,1
487,Barnes,Newcastle,MID,6.3,0.4,915,612,76,1,0,0,2,26,9
488,Bruno G.,Newcastle,MID,6.6,3.6,5594,12440,90,0,0,0,0,18,4
489,J.Murphy,Newcastle,MID,6.1,1.2,2369,3405,76,0,0,0,0,11,2
490,Joelinton,Newcastle,MID,5.9,0.3,464,1131,23,0,0,0,0,3,1
491,Tonali,Newcastle,MID,5.4,1.3,1344,3196,76,0,0,0,0,12,4
492,Antoñito C.,Newcastle,MID,4.9,0.0,0,16,0,0,0,0,0,0,0
493,Longstaff,Leeds,MID,4.9,1.0,691,4005,73,0,0,0,0,12,1
494,Willock,Newcastle,MID,5.0,0.1,100,123,13,0,0,0,0,3,1
495,Hayden,Newcastle,MID,4.5,0.0,0,4,0,0,0,0,0,0,0
496,Kuol,Newcastle,MID,4.4,0.0,0,44,0,0,0,0,0,0,0
497,L.Miley,Newcastle,MID,4.4,2.1,2531,4082,1,0,0,0,0,3,1
498,White,Newcastle,MID,4.5,0.0,0,5,0,0,0,0,0,0,0
499,Isak,Liverpool,FWD,10.4,4.6,1774,13048,0,0,0,0,0,0,0
500,Osula,Newcastle,FWD,5.5,0.3,32,1709,0,0,0,0,0,0,0
501,Neave,Newcastle,FWD,4.4,0.2,243,374,0,0,0,0,0,0,0
502,Sels,Nott'm Forest,GKP,4.8,8.0,579,15651,90,0,0,0,0,10,2
503,C.Miguel,Nott'm Forest,GKP,4.0,0.1,0,78,0,0,0,0,0,0,0
504,Turner,Nott'm Forest,GKP,4.0,0.1,0,76,0,0,0,0,0,0,0
505,Milenković,Nott'm Forest,DEF,5.2,3.8,400,6698,90,0,0,0,0,16,4
506,Murillo,Nott'm Forest,DEF,5.3,1.9,795,2853,90,0,0,0,0,4,1
507,Aina,Nott'm Forest,DEF,4.7,2.4,15,4329,0,0,0,0,0,0,0
508,N.Williams,Nott'm Forest,DEF,4.7,3.3,630,6071,90,0,0,0,0,21,2
509,David Carmo,Nott'm Forest,DEF,4.5,0.0,0,20,0,0,0,0,0,0,0
510,Jair Cunha,Nott'm Forest,DEF,4.3,0.1,25,73,0,0,0,0,0,0,0
511,Morato,Nott'm Forest,DEF,4.4,0.1,27,91,2,0,0,0,0,5,1
512,O.Richards,Nott'm Forest,DEF,4.5,0.0,0,19,0,0,0,0,0,0,0
513,Abbott,Nott'm Forest,DEF,3.9,0.2,39,182,0,0,0,0,0,0,0
514,Boly,Nott'm Forest,DEF,3.9,0.4,98,542,0,0,0,0,0,0,0
515,Gibbs-White,Nott'm Forest,MID,7.3,3.2,7234,6104,87,1,0,0,3,34,10
516,Hudson-Odoi,Nott'm Forest,MID,5.8,0.7,18,4463,0,0,0,0,0,0,0
517,Anderson,Nott'm Forest,MID,5.3,3.0,3972,4321,90,1,0,0,0,25,9
518,Jota,Nott'm Forest,MID,5.4,0.0,0,38,0,0,0,0,0,0,0
519,Dominguez,Nott'm Forest,MID,5.0,0.0,25,25,58,0,0,0,0,9,1
520,O'Brien,Nott'm Forest,MID,5.0,0.0,0,1,0,0,0,0,0,0,0
521,Sangaré,Nott'm Forest,MID,4.9,0.1,70,71,58,1,0,0,0,21,5
522,Yates,Nott'm Forest,MID,4.7,0.1,399,225,31,0,0,0,0,7,1
523,Da Silva Moreira,Nott'm Forest,MID,4.5,0.1,0,68,0,0,0,0,0,0,0
524,Stamenic,Nott'm Forest,MID,4.5,0.0,0,20,0,0,0,0,0,0,0
525,Wood,Nott'm Forest,FWD,7.2,6.0,88,17637,0,0,0,0,0,0,0
526,Igor Jesus,Nott'm Forest,FWD,5.8,0.7,1751,2936,58,0,0,0,0,1,1
527,Awoniyi,Nott'm Forest,FWD,5.2,0.4,459,644,31,0,0,0,0,2,1
528,Patterson,Sunderland,GKP,4.3,0.2,126,224,0,0,0,0,0,0,0
529,Moore,Sunderland,GKP,3.9,0.4,388,274,0,0,0,0,0,0,0
530,Nna Noukeu,Sunderland,GKP,3.9,0.1,143,124,0,0,0,0,0,0,0
531,Ballard,Sunderland,DEF,4.6,2.7,38935,1289,90,1,1,0,0,24,10
532,Hume,Sunderland,DEF,4.5,0.4,729,839,90,0,0,0,0,7,1
533,Alese,Sunderland,DEF,4.0,0.0,3,5,0,0,0,0,0,0,0
534,Anderson,Sunderland,DEF,3.9,0.4,205,615,0,0,0,0,0,0,0
535,Cirkin,Sunderland,DEF,4.0,0.0,3,13,0,0,0,0,0,0,0
536,Hjelde,Sunderland,DEF,4.0,0.0,4,10,0,0,0,0,0,0,0
537,Huggins,Sunderland,DEF,4.0,0.1,0,86,0,0,0,0,0,0,0
538,Johnson,Sunderland,DEF,3.9,0.3,74,332,0,0,0,0,0,0,0
539,O'Nien,Sunderland,DEF,4.0,0.0,124,120,0,0,0,0,0,0,0
540,Pembele,Sunderland,DEF,3.9,0.4,80,596,0,0,0,0,0,0,0
541,Reinildo,Sunderland,DEF,4.0,4.3,2269,4668,90,0,0,0,0,-4,0
542,Seelt,Sunderland,DEF,4.0,0.1,0,96,0,0,0,0,0,0,0
543,Adingra,Sunderland,MID,5.1,0.5,227,937,26,0,0,0,0,1,1
544,Diarra,Sunderland,MID,5.3,0.0,9,64,0,0,0,0,0,0,0
545,Roberts,Sunderland,MID,5.4,0.0,0,7,0,0,0,0,0,0,0
546,Aleksić,Sunderland,MID,4.9,0.0,0,16,0,0,0,0,0,0,0
547,E.Le Fée,Sunderland,MID,4.9,0.4,790,702,63,0,0,0,0,5,2
548,Mundle,Sunderland,MID,4.9,0.0,2,7,0,0,0,0,0,0,0
549,Neil,Sunderland,MID,4.8,0.0,33,47,0,0,0,0,0,0,0
550,Poveda,Sunderland,MID,4.8,0.0,21,29,0,0,0,0,0,0,0
551,Rigg,Sunderland,MID,4.8,0.0,47,83,0,0,0,0,0,0,0
552,Sadiki,Sunderland,MID,5.0,0.1,392,104,90,0,0,0,0,14,4
553,Talbi,Sunderland,MID,5.0,0.3,435,801,26,0,0,0,0,4,1
554,Ba,Sunderland,MID,4.3,0.5,4499,1630,0,0,0,0,0,0,0
555,Browne,Sunderland,MID,4.5,0.0,0,32,0,0,0,0,0,0,0
556,Ekwah,Sunderland,MID,4.5,0.0,0,5,0,0,0,0,0,0,0
557,H.Jones,Sunderland,MID,4.4,0.1,87,100,0,0,0,0,0,0,0
558,Matete,Sunderland,MID,4.4,0.2,285,439,0,0,0,0,0,0,0
559,Triantis,Sunderland,MID,4.4,0.0,0,60,0,0,0,0,0,0,0
560,Isidor,Sunderland,FWD,5.6,3.5,16402,12911,62,0,0,0,0,3,2
561,Mayenda,Sunderland,FWD,5.4,0.7,492,1578,3,0,0,0,0,3,1
562,Abdullahi,Sunderland,FWD,4.3,0.4,1086,851,0,0,0,0,0,0,0
563,Luís Hemir,Sunderland,FWD,4.4,0.1,0,128,0,0,0,0,0,0,0
564,Rusyn,Sunderland,FWD,4.4,0.1,0,101,0,0,0,0,0,0,0
565,Vicario,Spurs,GKP,5.0,9.7,2230,28998,90,0,0,0,0,-1,1
566,Austin,Spurs,GKP,3.9,0.3,266,280,0,0,0,0,0,0,0
567,Kinsky,Spurs,GKP,3.9,1.9,980,1824,0,0,0,0,0,0,0
568,Pedro Porro,Spurs,DEF,5.5,17.4,4420,38365,66,0,0,0,0,7,2
569,Romero,Spurs,DEF,5.0,4.0,1401,8094,87,0,0,0,0,7,1
570,Danso,Spurs,DEF,4.3,0.1,128,396,2,0,0,0,0,-6,0
571,Davies,Spurs,DEF,4.3,0.1,4,99,0,0,0,0,0,0,0
572,Dragusin,Spurs,DEF,4.5,0.0,8,11,0,0,0,0,0,0,0
573,Spence,Spurs,DEF,4.5,1.5,725,4049,90,0,0,0,0,8,1
574,Udogie,Spurs,DEF,4.4,0.4,375,451,23,0,1,0,0,12,4
575,Van de Ven,Spurs,DEF,4.8,33.3,40887,32587,90,0,0,0,0,4,1
576,Phillips,Spurs,DEF,4.0,0.0,0,14,0,0,0,0,0,0,0
577,Takai,Spurs,DEF,4.0,0.1,5,67,0,0,0,0,0,0,0
578,Vuskovic,Spurs,DEF,3.9,0.4,0,433,0,0,0,0,0,0,0
579,Son,Spurs,MID,8.5,0.1,0,44,0,0,0,0,0,0,0
580,Johnson,Spurs,MID,6.7,3.0,924,6251,90,0,0,0,0,9,1
581,Maddison,Spurs,MID,6.9,0.1,24,67,0,0,0,0,0,0,0
582,Kudus,Spurs,MID,6.5,22.1,808,244003,0,0,0,0,0,0,0
583,Kulusevski,Spurs,MID,6.4,0.0,17,25,0,0,0,0,0,0,0
584,Tel,Spurs,MID,6.3,0.1,636,307,11,1,0,0,0,22,6
585,Bentancur,Spurs,MID,5.3,0.4,847,2195,11,0,0,0,0,6,1
586,Bergvall,Spurs,MID,5.4,0.3,31,1897,0,0,0,0,0,0,0
587,Bissouma,Spurs,MID,5.2,0.0,13,43,0,0,0,0,0,0,0
588,Odobert,Spurs,MID,5.3,0.0,356,61,45,0,1,0,3,28,7
589,Solomon,Spurs,MID,5.4,0.0,0,6,0,0,0,0,0,0,0
590,Bryan,Spurs,MID,4.9,0.0,0,24,0,0,0,0,0,0,0
591,Gray,Spurs,MID,4.8,0.1,7,257,0,0,0,0,0,0,0
592,Moore,Spurs,MID,5.0,0.0,0,2,0,0,0,0,0,0,0
593,P.M.Sarr,Spurs,MID,4.8,1.6,2082,4382,90,0,0,0,0,10,2
594,Min-hyeok,Spurs,MID,4.5,0.0,0,8,0,0,0,0,0,0,0
595,Olusesi,Spurs,MID,4.4,0.2,88,294,0,0,0,0,0,0,0
596,Solanke,Spurs,FWD,7.2,0.9,51,710,0,0,0,0,0,0,0
597,Richarlison,Spurs,FWD,6.4,7.7,7045,18218,90,1,0,0,1,25,6
598,Lankshear,Spurs,FWD,4.5,0.0,0,16,0,0,0,0,0,0,0
599,Scarlett,Spurs,FWD,4.3,0.7,1988,1288,0,0,0,0,0,0,0
600,Areola,West Ham,GKP,4.3,2.1,859,2081,90,0,0,0,0,10,2
601,Foderingham,West Ham,GKP,4.0,0.3,0,364,0,0,0,0,0,0,0
602,Hegyi,West Ham,GKP,3.9,0.2,599,168,0,0,0,0,0,0,0
603,Diouf,West Ham,DEF,4.3,3.1,555,7751,90,0,0,0,0,12,1
604,Emerson,West Ham,DEF,4.4,0.1,0,49,0,0,0,0,0,0,0
605,Kilman,West Ham,DEF,4.3,0.2,63,346,90,0,0,0,0,5,1
606,Mavropanos,West Ham,DEF,4.4,0.0,6,136,0,0,0,0,0,0,0
607,N.Aguerd,West Ham,DEF,4.4,0.0,0,27,0,0,0,0,0,0,0
608,Scarles,West Ham,DEF,4.4,0.0,3,47,0,0,0,0,0,0,0
609,Todibo,West Ham,DEF,4.3,0.1,59,137,90,0,0,0,0,6,1
610,Wan-Bissaka,West Ham,DEF,4.3,5.7,1077,4443,90,0,0,0,0,3,3
611,Casey,West Ham,DEF,4.0,0.1,0,88,0,0,0,0,0,0,0
612,L.Paquetá,West Ham,MID,5.9,2.7,978,28254,82,0,1,0,0,22,4
613,Souček,West Ham,MID,5.7,0.2,3287,275,28,1,1,0,3,35,12
614,Ward-Prowse,West Ham,MID,5.6,0.2,217,402,0,0,0,0,0,0,0
615,Summerville,West Ham,MID,5.5,0.1,479,407,82,0,1,0,0,11,5
616,Álvarez,West Ham,MID,4.9,0.1,0,27,0,0,0,0,0,0,0
617,Cornet,West Ham,MID,4.9,0.0,0,7,0,0,0,0,0,0,0
618,G.Rodriguez,West Ham,MID,4.8,0.0,35,56,0,0,0,0,0,0,0
619,L.Guilherme,West Ham,MID,4.9,0.0,5,20,0,0,0,0,0,0,0
620,Earthy,West Ham,MID,4.5,0.0,17,75,0,0,0,0,0,0,0
621,Irving,West Ham,MID,4.4,0.3,179,714,0,0,0,0,0,0,0
622,Orford,West Ham,MID,4.4,0.1,0,64,0,0,0,0,0,0,0
623,Potts,West Ham,MID,4.4,0.6,2466,943,61,0,0,0,0,19,4
624,Bowen,West Ham,FWD,7.7,7.5,4028,44657,90,0,0,0,0,9,2
625,Füllkrug,West Ham,FWD,5.6,0.7,24,1112,0,0,0,0,0,0,0
626,Marshall,West Ham,FWD,4.4,0.7,392,996,0,0,0,0,0,0,0
627,Johnstone,Wolves,GKP,4.5,0.1,99,194,90,0,0,0,0,10,2
628,José Sá,Wolves,GKP,4.3,1.2,165,1620,0,0,0,0,0,0,0
629,Bentley,Wolves,GKP,4.0,0.6,93,381,0,0,0,0,0,0,0
630,King,Everton,GKP,3.9,1.4,4974,1390,0,0,0,0,0,0,0
631,Agbadou,Wolves,DEF,4.3,0.2,37,303,0,0,0,0,0,0,0
632,Doherty,Wolves,DEF,4.4,0.1,1,238,0,0,0,0,0,0,0
633,H.Bueno,Wolves,DEF,4.4,0.1,52,165,90,0,0,0,0,-2,1
634,Mosquera,Wolves,DEF,4.3,0.1,30,59,0,0,0,0,0,0,0
635,R.Gomes,Wolves,DEF,4.5,0.1,6,260,0,0,0,0,0,0,0
636,S.Bueno,Wolves,DEF,4.4,0.1,60,189,90,0,0,0,0,3,1
637,Toti,Wolves,DEF,4.3,0.1,43,111,90,0,0,0,0,2,1
638,Hoever,Wolves,DEF,3.9,0.9,247,971,0,0,0,0,0,0,0
639,Meupiyou,Wolves,DEF,4.0,0.0,0,7,0,0,0,0,0,0,0
640,Pedro Lima,Wolves,DEF,4.0,0.5,0,568,0,0,0,0,0,0,0
641,Pond,Wolves,DEF,3.9,1.4,542,1671,0,0,0,0,0,0,0
642,Hee Chan,Wolves,MID,5.8,0.1,136,199,69,0,0,0,0,6,2
643,André,Wolves,MID,5.3,0.1,36,107,90,0,0,0,0,3,1
644,Bellegarde,Wolves,MID,5.2,0.0,30,58,69,0,0,0,0,8,2
645,Fer López,Wolves,MID,5.2,0.0,9,38,0,0,0,0,0,0,0
646,Gomes,Wolves,MID,5.3,0.1,54,178,90,0,0,0,0,11,2
647,Guedes,Wolves,MID,5.5,0.0,0,1,0,0,0,0,0,0,0
648,Munetsi,Wolves,MID,5.4,0.1,151,421,20,0,0,0,0,1,0
649,B.Traore,Wolves,MID,5.0,0.0,0,1,0,0,0,0,0,0,0
650,Chirewa,Wolves,MID,4.4,0.3,72,384,0,0,0,0,0,0,0
651,Edozie,Wolves,MID,4.4,0.3,71,496,0,0,0,0,0,0,0
652,Gonzalez,Wolves,MID,4.4,1.4,434,2199,0,0,0,0,0,0,0
653,Hodge,Wolves,MID,4.5,0.0,0,35,0,0,0,0,0,0,0
654,Strand Larsen,Wolves,FWD,6.3,1.2,548,2734,90,0,0,0,0,6,2
655,Fábio Silva,Wolves,FWD,4.9,0.2,0,185,0,0,0,0,0,0,0
656,Kalajdžić,Wolves,FWD,4.9,0.1,0,33,0,0,0,0,0,0,0
657,Chiwome,Wolves,FWD,4.4,0.0,32,41,0,0,0,0,0,0,0
658,Fraser,Wolves,FWD,4.4,1.8,438,2820,0,0,0,0,0,0,0
659,Walker-Peters,West Ham,DEF,4.3,0.3,281,208,7,1,0,0,0,17,7
660,Stach,Leeds,MID,4.9,2.1,709,6200,90,0,0,0,0,13,4
661,Ekitiké,Liverpool,FWD,8.6,15.5,31173,42292,55,0,0,0,0,3,1
662,Mosquera,Arsenal,DEF,5.4,0.2,64,382,2,0,0,0,0,0,1
663,J.Arias,Wolves,MID,5.1,0.2,32,423,0,0,0,0,0,0,0
664,Lecomte,Fulham,GKP,4.0,0.6,38,385,0,0,0,0,0,0,0
665,Perri,Leeds,GKP,4.5,0.2,149,252,90,0,0,0,0,7,2
666,Gyökeres,Arsenal,FWD,8.9,13.9,1127,121875,0,0,0,0,0,0,0
667,Aznou,Everton,DEF,4.3,0.1,20,68,0,0,0,0,0,0,0
668,Xhaka,Sunderland,MID,5.1,6.0,51819,5952,90,0,0,0,0,15,3
669,Ndoye,Nott'm Forest,MID,5.7,1.2,375,2811,90,0,1,0,0,21,5
670,Roefs,Sunderland,GKP,4.7,7.3,34083,5540,90,0,0,0,0,16,2
671,Wilson,West Ham,FWD,5.8,0.4,1614,627,70,1,0,0,1,33,7
672,Hato,Chelsea,DEF,4.7,0.2,121,325,0,0,0,0,0,0,0
673,J.Palhinha,Spurs,MID,5.5,1.8,5678,7201,78,0,0,0,0,18,3
674,Ramsdale,Newcastle,GKP,4.8,0.6,168,647,13,0,0,0,0,-2,0
675,Gunn,Nott'm Forest,GKP,4.0,1.4,34,1708,0,0,0,0,0,0,0
676,Ugochukwu,Burnley,MID,5.0,0.1,374,473,70,0,1,0,0,16,5
677,Guessand,Aston Villa,MID,6.2,0.0,133,103,4,0,0,0,0,6,1
678,Masuaku,Sunderland,DEF,3.9,0.7,418,975,0,0,0,0,0,0,0
679,Hermansen,West Ham,GKP,4.4,0.2,43,267,0,0,0,0,0,0,0
680,Broja,Burnley,FWD,5.2,0.1,139,223,19,0,0,0,0,4,1
681,Šeško,Man Utd,FWD,7.3,4.6,1061,50158,32,0,0,0,0,-4,1
682,Møller Wolfe,Wolves,DEF,4.4,0.1,10,69,0,0,0,0,0,0,0
683,Alderete,Sunderland,DEF,4.1,4.8,419,29552,0,0,0,0,0,0,0
684,Thiaw,Newcastle,DEF,4.9,0.5,581,1409,90,0,0,0,0,4,3
685,Diakité,Bournemouth,DEF,4.5,0.4,232,1011,0,0,0,0,0,0,0
686,Ngumoha,Liverpool,MID,4.5,0.5,562,1517,0,0,0,0,0,0,0
687,Rees-Dottin,Bournemouth,MID,4.4,0.1,77,203,0,0,0,0,0,0,0
688,Wright,Aston Villa,GKP,4.0,0.5,37,335,0,0,0,0,0,0,0
689,Seung soo,Newcastle,MID,4.4,0.3,149,503,0,0,0,0,0,0,0
690,Cardines,Crystal Palace,MID,4.4,0.4,11,1565,0,0,0,0,0,0,0
691,Calvert-Lewin,Leeds,FWD,5.5,1.0,422,7589,16,0,0,0,0,-1,1
692,Leoni,Liverpool,DEF,4.9,0.0,11,20,0,0,0,0,0,0,0
693,Hutchinson,Nott'm Forest,MID,5.4,0.0,138,65,31,0,2,0,1,28,8
694,Mukiele,Sunderland,DEF,4.2,5.8,27731,4659,90,0,1,0,0,13,4
695,Tchatchoua,Wolves,DEF,4.5,0.0,30,45,90,0,0,0,0,-1,3
696,Kalimuendo,Nott'm Forest,FWD,6.0,0.1,216,336,0,0,0,0,0,0,0
697,Adli,Bournemouth,MID,5.4,0.0,67,90,27,0,0,0,0,2,1
698,Okafor,Leeds,MID,5.5,0.2,263,973,90,0,0,0,0,9,2
699,Douglas Luiz,Nott'm Forest,MID,5.0,0.0,8,248,0,0,0,0,0,0,0
700,Dowman,Arsenal,MID,4.3,0.4,3929,1691,0,0,0,0,0,0,0
701,Rowe,Aston Villa,DEF,4.0,0.1,0,101,0,0,0,0,0,0,0
702,Burrowes,Aston Villa,MID,4.5,0.1,40,103,0,0,0,0,0,0,0
703,Proctor,Aston Villa,GKP,4.0,0.2,17,198,0,0,0,0,0,0,0
704,Onyango,Everton,MID,4.5,0.1,0,87,0,0,0,0,0,0,0
705,Campbell,Everton,DEF,3.9,0.2,410,256,0,0,0,0,0,0,0
706,Justin,Leeds,DEF,4.0,0.2,95,281,0,0,0,0,0,0,0
707,Dibling,Everton,MID,5.4,0.0,37,86,0,0,0,0,0,0,0
708,M.Fernandes,West Ham,MID,5.5,0.1,335,295,90,0,0,0,0,18,1
709,Krejčí,Wolves,DEF,4.5,0.1,47,145,90,0,0,0,0,0,1
710,Patterson,Aston Villa,DEF,3.9,0.3,690,650,0,0,0,0,0,0,0
711,Harriman-Annous,Arsenal,MID,4.5,0.0,20,26,0,0,0,0,0,0,0
712,Yeremy,Crystal Palace,MID,5.8,0.1,678,541,24,0,0,0,0,6,1
713,A.Jimenez,Bournemouth,DEF,4.5,0.0,74,105,35,0,0,0,0,-7,-1
714,Woltemade,Newcastle,FWD,7.4,21.8,18675,124849,90,0,1,0,0,12,5
715,John,Nott'm Forest,GKP,4.0,0.3,81,406,0,0,0,0,0,0,0
716,Savona,Nott'm Forest,DEF,4.5,0.0,93,166,90,0,0,0,0,12,2
717,Xavi,Spurs,MID,6.7,1.4,1545,7270,78,0,0,0,0,15,2
718,S.Magassa,West Ham,MID,5.0,0.0,16,26,19,0,0,0,0,2,1
719,Lindelöf,Aston Villa,DEF,4.5,0.0,93,118,0,0,0,0,0,0,0
720,Tolu,Wolves,FWD,5.5,0.1,164,267,0,0,0,0,0,0,0
721,Milosavljević,Bournemouth,DEF,4.5,0.0,68,64,90,0,0,0,0,6,2
722,Florentino,Burnley,MID,5.0,0.1,121,185,90,0,0,0,0,27,4
723,Canvot,Crystal Palace,DEF,4.5,0.0,148,25,90,0,0,1,2,31,10
724,Geertruida,Sunderland,DEF,4.5,0.0,129,75,86,0,0,0,0,8,1
725,Hincapie,Arsenal,DEF,5.4,0.0,72,103,0,0,0,0,0,0,0
726,Kolo Muani,Spurs,FWD,6.9,0.3,1362,1407,45,0,0,0,0,2,1
727,Chukwueze,Fulham,MID,5.3,0.0,74,51,31,0,0,0,0,0,1
728,Röhl,Everton,MID,5.0,0.0,24,27,23,0,0,0,0,3,1
729,Cuiabano,Nott'm Forest,DEF,4.5,0.0,0,0,0,0,0,0,0,0,0
730,Brobbey,Sunderland,FWD,5.5,0.1,4038,356,27,1,0,0,0,26,5
731,Kevin,Fulham,MID,5.9,0.1,160,270,86,0,0,0,0,4,2
732,Uche,Crystal Palace,FWD,5.5,0.0,233,134,0,0,0,0,0,0,0
733,Lammens,Man Utd,GKP,5.0,1.4,8953,4305,90,0,0,0,0,5,1
734,Bakwa,Nott'm Forest,MID,6.0,0.0,20,58,0,0,0,0,0,0,0
735,Traoré,Sunderland,MID,5.5,0.0,764,191,63,0,0,0,0,6,2
736,Donnarumma,Man City,GKP,5.7,10.1,23608,10980,90,0,0,1,0,22,6
737,Kusi-Asare,Fulham,FWD,4.5,0.1,204,210,0,0,0,0,0,0,0
738,Fabianski,West Ham,GKP,4.5,0.0,26,227,0,0,0,0,0,0,0
739,Mukasa,Man City,MID,4.5,0.0,35,62,0,0,0,0,0,0,0
740,Mfuni,Man City,DEF,4.0,0.0,68,80,0,0,0,0,0,0,0
741,Gray,Leeds,FWD,4.5,0.1,494,302,0,0,0,0,0,0,0
742,McAidoo,Man City,MID,4.5,0.0,34,38,0,0,0,0,0,0,0
743,Emenalo,Chelsea,MID,4.5,0.0,50,36,0,0,0,0,0,0,0
744,Oriola,Brighton,MID,4.5,0.0,66,31,0,0,0,0,0,0,0
745,Byfield,Spurs,DEF,4.0,0.0,29,48,0,0,0,0,0,0,0
746,Morrison,Liverpool,MID,4.5,0.0,32,21,0,0,0,0,0,0,0
747,Mayers,West Ham,DEF,4.0,0.0,45,24,0,0,0,0,0,0,0
748,Dasilva,Brentford,MID,5.0,0.0,19,13,0,0,0,0,0,0,0
749,Mané,Wolves,FWD,4.5,0.0,406,38,20,0,0,0,0,1,1
750,Rowswell,Spurs,DEF,4.0,0.0,30,2,0,0,0,0,0,0,0
751,Akhamrich,Spurs,MID,4.5,0.0,39,1,0,0,0,0,0,0,0
752,Golambeckis,West Ham,DEF,4.0,0.0,23,2,0,0,0,0,0,0,0